id,produto,canal,uf,nps,tempo_resposta_h,reincidente,texto_reclamacao,vira_ouvidoria
1,cartao,agencia,SC,7,35,1,fatura com tarifa nao informada,0
2,emprestimo,agencia,PE,5,13,0,cartao bloqueado sem motivo,0
3,app,agencia,PR,6,13,0,limite reduzido sem aviso,1
4,app,email,MG,5,15,0,atendimento demorado no telefone,0
5,emprestimo,agencia,PE,7,28,1,app travando na tela de pagamento,0
6,app,agencia,BA,4,14,0,falha para gerar comprovante,0
7,conta,app,SC,4,31,0,fatura com tarifa nao informada,0
8,emprestimo,agencia,SP,4,26,0,erro 502 ao contratar emprestimo,0
9,cartao,agencia,SC,7,24,0,app travando na tela de pagamento,0
10,conta,agencia,MG,5,16,1,cartao bloqueado sem motivo,1
11,conta,agencia,SC,2,19,0,fatura com tarifa nao informada,0
12,cartao,chat,PE,5,18,0,erro 502 ao contratar emprestimo,0
13,app,email,SP,4,29,0,transferencia nao executada no horario,0
14,cartao,chat,RS,7,20,0,cartao bloqueado sem motivo,1
15,conta,app,RJ,3,29,1,cobranca em duplicidade,0
16,app,app,PR,7,22,0,atendimento demorado no telefone,0
17,emprestimo,telefone,DF,3,12,0,cobranca em duplicidade,0
18,conta,telefone,PE,5,32,0,falha para gerar comprovante,0
19,cartao,app,PR,7,3,0,falha para gerar comprovante,0
20,emprestimo,app,PR,6,17,0,limite reduzido sem aviso,0
21,cartao,chat,SP,3,26,1,atendimento demorado no telefone,0
22,cartao,telefone,SC,8,9,1,app travando na tela de pagamento,0
23,app,chat,PR,7,21,0,erro 502 ao contratar emprestimo,0
24,conta,agencia,SP,9,58,0,cobranca em duplicidade,0
25,emprestimo,chat,CE,4,19,0,transferencia nao executada no horario,1
26,conta,email,SP,5,11,1,limite reduzido sem aviso,0
27,cartao,telefone,MG,9,25,1,atendimento demorado no telefone,0
28,app,telefone,MG,4,49,0,cobranca em duplicidade,0
29,app,telefone,MG,6,22,0,falha para gerar comprovante,0
30,cartao,app,RS,3,8,0,cobranca em duplicidade,0
31,app,email,MG,6,39,0,limite reduzido sem aviso,0
32,conta,telefone,CE,9,26,0,cobranca em duplicidade,1
33,cartao,app,SP,5,19,0,limite reduzido sem aviso,0
34,cartao,app,MG,7,19,0,erro 502 ao contratar emprestimo,1
35,app,app,RJ,6,31,1,transferencia nao executada no horario,0
36,app,agencia,PE,4,19,0,aplicativo fecha sozinho,0
37,app,app,PR,6,18,0,app travando na tela de pagamento,0
38,emprestimo,agencia,BA,5,15,1,falha para gerar comprovante,0
39,cartao,agencia,CE,6,26,0,app travando na tela de pagamento,0
40,cartao,email,PE,3,16,1,limite reduzido sem aviso,1
41,conta,email,MG,1,22,0,cartao bloqueado sem motivo,0
42,app,agencia,MG,4,22,0,fatura com tarifa nao informada,0
43,emprestimo,telefone,MG,3,46,1,transferencia nao executada no horario,1
44,conta,chat,BA,9,12,1,app travando na tela de pagamento,0
45,emprestimo,app,RJ,5,7,1,transferencia nao executada no horario,1
46,cartao,app,CE,6,36,0,cobranca em duplicidade,0
47,app,chat,PE,4,27,1,limite reduzido sem aviso,0
48,cartao,telefone,SC,6,14,0,aplicativo fecha sozinho,0
49,app,app,SP,6,29,1,limite reduzido sem aviso,0
50,app,email,MG,5,27,0,falha para gerar comprovante,0
51,emprestimo,app,CE,6,41,0,aplicativo fecha sozinho,0
52,emprestimo,agencia,MG,5,2,0,transferencia nao executada no horario,0
53,conta,telefone,RS,5,23,0,erro 502 ao contratar emprestimo,0
54,app,email,SC,9,38,0,falha para gerar comprovante,0
55,conta,agencia,MG,5,24,0,limite reduzido sem aviso,0
56,cartao,telefone,RS,5,38,1,atendimento demorado no telefone,0
57,emprestimo,app,RS,5,9,0,falha para gerar comprovante,0
58,conta,agencia,DF,3,24,0,cartao bloqueado sem motivo,1
59,emprestimo,agencia,RJ,8,31,0,app travando na tela de pagamento,0
60,emprestimo,agencia,DF,9,1,0,cartao bloqueado sem motivo,1
61,app,app,PE,6,34,0,cobranca em duplicidade,0
62,emprestimo,telefone,PE,6,27,0,limite reduzido sem aviso,0
63,conta,app,DF,7,11,0,app travando na tela de pagamento,0
64,cartao,chat,DF,6,34,0,falha para gerar comprovante,0
65,cartao,agencia,CE,7,51,0,falha para gerar comprovante,0
66,conta,chat,SP,6,39,0,atendimento demorado no telefone,0
67,app,chat,BA,6,30,0,fatura com tarifa nao informada,0
68,conta,email,SP,5,29,1,limite reduzido sem aviso,0
69,cartao,agencia,RJ,7,26,1,atendimento demorado no telefone,0
70,conta,app,CE,7,19,0,cartao bloqueado sem motivo,1
71,cartao,app,RJ,2,8,0,cobranca em duplicidade,0
72,cartao,app,SC,5,26,0,limite reduzido sem aviso,0
73,conta,app,PR,8,25,0,transferencia nao executada no horario,0
74,app,agencia,SP,5,33,0,app travando na tela de pagamento,0
75,emprestimo,app,SP,6,22,0,atendimento demorado no telefone,0
76,conta,app,PE,3,16,0,app travando na tela de pagamento,0
77,app,chat,PR,8,19,0,app travando na tela de pagamento,0
78,conta,agencia,PR,6,22,0,falha para gerar comprovante,0
79,cartao,app,DF,6,36,0,app travando na tela de pagamento,0
80,conta,agencia,DF,4,4,0,fatura com tarifa nao informada,0
81,app,app,MG,9,37,0,fatura com tarifa nao informada,0
82,emprestimo,agencia,RS,6,31,0,atendimento demorado no telefone,0
83,cartao,chat,RS,10,26,0,atendimento demorado no telefone,0
84,cartao,email,CE,5,14,0,aplicativo fecha sozinho,0
85,conta,chat,SP,7,37,1,app travando na tela de pagamento,0
86,emprestimo,telefone,PR,7,2,1,app travando na tela de pagamento,0
87,emprestimo,email,PR,7,15,1,erro 502 ao contratar emprestimo,0
88,emprestimo,email,SP,6,17,0,falha para gerar comprovante,0
89,app,telefone,DF,5,33,0,atendimento demorado no telefone,0
90,emprestimo,app,PR,9,12,0,limite reduzido sem aviso,0
91,emprestimo,app,RS,5,41,0,fatura com tarifa nao informada,0
92,conta,chat,DF,4,18,1,app travando na tela de pagamento,0
93,cartao,telefone,RJ,8,1,1,fatura com tarifa nao informada,0
94,app,email,CE,5,20,0,atendimento demorado no telefone,1
95,emprestimo,telefone,PE,7,28,0,aplicativo fecha sozinho,0
96,emprestimo,email,BA,5,14,0,aplicativo fecha sozinho,0
97,emprestimo,chat,CE,4,23,0,aplicativo fecha sozinho,0
98,conta,app,SP,7,22,0,erro 502 ao contratar emprestimo,0
99,conta,telefone,RJ,5,27,0,aplicativo fecha sozinho,0
100,emprestimo,email,CE,8,20,0,atendimento demorado no telefone,0
101,conta,email,SC,3,32,0,cartao bloqueado sem motivo,0
102,emprestimo,chat,DF,9,9,0,atendimento demorado no telefone,0
103,app,agencia,SC,2,8,0,erro 502 ao contratar emprestimo,0
104,app,email,CE,2,30,0,fatura com tarifa nao informada,1
105,cartao,chat,RS,7,33,1,limite reduzido sem aviso,0
106,app,app,BA,6,6,0,app travando na tela de pagamento,0
107,emprestimo,agencia,BA,6,16,0,limite reduzido sem aviso,0
108,conta,app,DF,4,29,0,aplicativo fecha sozinho,0
109,emprestimo,agencia,MG,1,43,0,transferencia nao executada no horario,0
110,emprestimo,chat,PR,5,21,1,erro 502 ao contratar emprestimo,1
111,emprestimo,telefone,PR,7,48,0,cartao bloqueado sem motivo,0
112,emprestimo,app,RJ,2,25,0,aplicativo fecha sozinho,0
113,conta,app,RJ,3,31,1,erro 502 ao contratar emprestimo,0
114,app,agencia,CE,5,3,0,erro 502 ao contratar emprestimo,0
115,app,telefone,BA,2,4,0,limite reduzido sem aviso,0
116,app,agencia,MG,6,15,0,aplicativo fecha sozinho,0
117,cartao,app,BA,6,29,0,limite reduzido sem aviso,0
118,emprestimo,chat,CE,8,17,0,fatura com tarifa nao informada,0
119,conta,agencia,PR,7,41,0,app travando na tela de pagamento,0
120,app,chat,DF,7,1,1,fatura com tarifa nao informada,1
121,cartao,telefone,RS,4,21,0,cobranca em duplicidade,1
122,app,app,SC,8,12,0,erro 502 ao contratar emprestimo,0
123,conta,telefone,MG,5,32,0,fatura com tarifa nao informada,1
124,cartao,chat,MG,2,32,0,fatura com tarifa nao informada,0
125,emprestimo,telefone,MG,1,6,0,erro 502 ao contratar emprestimo,1
126,emprestimo,telefone,MG,3,10,0,falha para gerar comprovante,0
127,emprestimo,app,BA,6,25,1,app travando na tela de pagamento,1
128,cartao,app,PE,8,38,0,atendimento demorado no telefone,0
129,conta,app,MG,9,30,0,limite reduzido sem aviso,0
130,conta,telefone,MG,3,48,0,falha para gerar comprovante,0
131,emprestimo,email,RJ,7,29,0,erro 502 ao contratar emprestimo,0
132,emprestimo,telefone,CE,6,2,1,cobranca em duplicidade,1
133,emprestimo,agencia,CE,9,40,0,cartao bloqueado sem motivo,0
134,cartao,app,PE,3,28,0,app travando na tela de pagamento,0
135,conta,app,DF,9,34,1,cobranca em duplicidade,0
136,cartao,email,PR,3,22,1,aplicativo fecha sozinho,0
137,cartao,telefone,BA,2,22,0,atendimento demorado no telefone,0
138,app,email,CE,4,10,0,transferencia nao executada no horario,0
139,emprestimo,agencia,PE,5,9,0,aplicativo fecha sozinho,0
140,app,app,SP,6,17,1,cartao bloqueado sem motivo,0
141,emprestimo,telefone,RJ,6,10,1,atendimento demorado no telefone,1
142,app,email,DF,3,1,0,falha para gerar comprovante,0
143,emprestimo,telefone,PR,8,1,0,aplicativo fecha sozinho,0
144,conta,app,PE,4,13,1,falha para gerar comprovante,0
145,conta,agencia,PR,9,24,0,cobranca em duplicidade,0
146,emprestimo,telefone,SC,10,34,0,erro 502 ao contratar emprestimo,0
147,emprestimo,email,RS,7,24,0,fatura com tarifa nao informada,0
148,conta,app,BA,2,31,0,atendimento demorado no telefone,1
149,conta,agencia,RS,4,33,1,limite reduzido sem aviso,0
150,cartao,chat,PR,6,11,0,transferencia nao executada no horario,0
151,emprestimo,chat,CE,5,21,0,app travando na tela de pagamento,0
152,app,email,RJ,3,9,1,falha para gerar comprovante,1
153,app,telefone,MG,0,3,0,aplicativo fecha sozinho,0
154,emprestimo,app,SP,5,36,0,transferencia nao executada no horario,0
155,emprestimo,telefone,CE,6,25,0,erro 502 ao contratar emprestimo,1
156,emprestimo,email,PR,5,8,0,app travando na tela de pagamento,0
157,emprestimo,app,SC,7,16,0,fatura com tarifa nao informada,0
158,emprestimo,email,PE,7,40,0,erro 502 ao contratar emprestimo,1
159,cartao,email,SP,4,22,0,limite reduzido sem aviso,0
160,conta,chat,CE,6,24,0,fatura com tarifa nao informada,0
161,app,email,RJ,7,10,0,app travando na tela de pagamento,1
162,conta,app,RJ,7,29,0,falha para gerar comprovante,0
163,emprestimo,chat,SC,0,28,0,app travando na tela de pagamento,0
164,app,app,CE,3,15,0,falha para gerar comprovante,0
165,emprestimo,agencia,SP,6,43,0,cartao bloqueado sem motivo,0
166,conta,agencia,PE,3,20,1,cobranca em duplicidade,0
167,app,app,PR,5,26,0,app travando na tela de pagamento,0
168,conta,agencia,PE,5,6,0,fatura com tarifa nao informada,0
169,emprestimo,telefone,RS,7,28,1,app travando na tela de pagamento,0
170,conta,email,PE,7,20,0,cartao bloqueado sem motivo,0
171,conta,email,PE,8,22,0,erro 502 ao contratar emprestimo,0
172,emprestimo,chat,PE,7,23,0,falha para gerar comprovante,0
173,conta,chat,MG,6,32,0,app travando na tela de pagamento,0
174,conta,app,CE,8,17,0,erro 502 ao contratar emprestimo,1
175,app,agencia,RJ,5,19,0,app travando na tela de pagamento,0
176,app,email,PE,7,1,0,transferencia nao executada no horario,0
177,emprestimo,telefone,BA,8,38,0,atendimento demorado no telefone,0
178,emprestimo,app,RS,5,35,0,fatura com tarifa nao informada,0
179,app,email,BA,7,32,0,erro 502 ao contratar emprestimo,0
180,app,telefone,PR,7,12,0,falha para gerar comprovante,0
181,app,agencia,MG,10,7,0,cartao bloqueado sem motivo,0
182,emprestimo,telefone,BA,6,22,0,transferencia nao executada no horario,0
183,conta,email,RS,5,11,0,app travando na tela de pagamento,0
184,cartao,app,SC,3,21,0,cartao bloqueado sem motivo,1
185,app,app,SP,10,16,0,fatura com tarifa nao informada,1
186,app,app,RS,6,25,0,cartao bloqueado sem motivo,1
187,emprestimo,email,RS,5,16,0,app travando na tela de pagamento,0
188,app,agencia,SP,8,42,0,falha para gerar comprovante,0
189,conta,telefone,MG,7,31,0,fatura com tarifa nao informada,0
190,conta,agencia,SC,4,39,0,limite reduzido sem aviso,0
191,emprestimo,email,RJ,5,25,0,fatura com tarifa nao informada,1
192,conta,app,BA,4,29,1,aplicativo fecha sozinho,0
193,app,agencia,SP,5,45,1,cobranca em duplicidade,1
194,cartao,email,MG,5,15,1,limite reduzido sem aviso,0
195,emprestimo,agencia,RS,6,22,0,transferencia nao executada no horario,0
196,conta,telefone,PR,4,24,1,transferencia nao executada no horario,1
197,conta,app,RJ,8,26,0,app travando na tela de pagamento,0
198,app,agencia,RJ,6,24,0,fatura com tarifa nao informada,0
199,conta,app,SC,5,20,0,transferencia nao executada no horario,0
200,emprestimo,chat,BA,9,19,1,limite reduzido sem aviso,0
201,conta,chat,SC,4,22,0,transferencia nao executada no horario,0
202,cartao,telefone,PE,6,8,0,transferencia nao executada no horario,0
203,app,app,BA,3,20,0,cobranca em duplicidade,1
204,app,email,SP,8,20,1,fatura com tarifa nao informada,0
205,conta,chat,PR,4,41,1,app travando na tela de pagamento,0
206,cartao,chat,RS,5,16,0,app travando na tela de pagamento,0
207,cartao,app,RS,6,34,0,erro 502 ao contratar emprestimo,0
208,cartao,email,SC,3,2,0,cobranca em duplicidade,1
209,cartao,email,DF,8,28,0,cartao bloqueado sem motivo,1
210,cartao,chat,SP,4,30,0,erro 502 ao contratar emprestimo,1
211,app,email,BA,6,27,0,fatura com tarifa nao informada,0
212,emprestimo,telefone,MG,9,39,0,app travando na tela de pagamento,0
213,emprestimo,chat,PR,6,19,0,fatura com tarifa nao informada,0
214,app,telefone,MG,9,14,0,fatura com tarifa nao informada,0
215,conta,telefone,DF,5,44,1,erro 502 ao contratar emprestimo,0
216,app,telefone,CE,5,23,0,transferencia nao executada no horario,0
217,app,email,RJ,7,42,0,aplicativo fecha sozinho,0
218,cartao,email,DF,6,16,0,aplicativo fecha sozinho,0
219,cartao,app,BA,1,1,0,cartao bloqueado sem motivo,1
220,emprestimo,agencia,DF,5,48,0,erro 502 ao contratar emprestimo,0
221,emprestimo,app,PR,1,27,0,cartao bloqueado sem motivo,0
222,app,email,CE,4,24,0,app travando na tela de pagamento,0
223,conta,email,RS,5,1,0,fatura com tarifa nao informada,0
224,app,telefone,RJ,3,33,0,fatura com tarifa nao informada,0
225,emprestimo,telefone,PE,5,28,0,limite reduzido sem aviso,0
226,emprestimo,app,SC,5,5,1,atendimento demorado no telefone,0
227,app,chat,DF,5,32,0,transferencia nao executada no horario,1
228,emprestimo,email,RJ,6,46,1,fatura com tarifa nao informada,0
229,app,email,CE,4,29,1,atendimento demorado no telefone,0
230,conta,email,PR,6,15,0,falha para gerar comprovante,0
231,conta,app,BA,3,28,0,falha para gerar comprovante,0
232,emprestimo,chat,SP,5,20,0,falha para gerar comprovante,1
233,cartao,email,MG,5,28,0,erro 502 ao contratar emprestimo,1
234,emprestimo,email,RJ,2,33,0,cartao bloqueado sem motivo,0
235,emprestimo,app,DF,7,26,0,cartao bloqueado sem motivo,0
236,conta,agencia,PE,5,22,0,fatura com tarifa nao informada,0
237,cartao,app,PE,6,13,0,cobranca em duplicidade,0
238,cartao,app,BA,2,46,0,app travando na tela de pagamento,0
239,emprestimo,email,CE,8,20,1,falha para gerar comprovante,1
240,cartao,app,RJ,6,31,0,aplicativo fecha sozinho,0
241,emprestimo,email,CE,2,39,0,atendimento demorado no telefone,1
242,conta,telefone,PR,7,24,0,fatura com tarifa nao informada,0
243,conta,app,SC,6,13,0,erro 502 ao contratar emprestimo,1
244,app,agencia,DF,5,12,1,app travando na tela de pagamento,0
245,emprestimo,chat,SP,5,1,0,aplicativo fecha sozinho,0
246,app,chat,DF,3,41,0,cobranca em duplicidade,1
247,emprestimo,email,SP,5,16,1,fatura com tarifa nao informada,0
248,emprestimo,agencia,PE,8,22,0,cartao bloqueado sem motivo,0
249,conta,telefone,PR,7,15,0,atendimento demorado no telefone,0
250,emprestimo,email,BA,3,7,0,aplicativo fecha sozinho,0
251,conta,app,BA,5,1,0,app travando na tela de pagamento,0
252,emprestimo,app,SP,5,44,0,falha para gerar comprovante,0
253,cartao,email,PE,7,14,0,cartao bloqueado sem motivo,0
254,app,app,BA,4,23,0,transferencia nao executada no horario,0
255,cartao,app,PR,6,10,0,fatura com tarifa nao informada,0
256,conta,email,MG,8,27,0,transferencia nao executada no horario,0
257,emprestimo,telefone,DF,9,25,1,cartao bloqueado sem motivo,0
258,emprestimo,telefone,CE,2,26,0,erro 502 ao contratar emprestimo,0
259,emprestimo,agencia,SP,3,1,0,limite reduzido sem aviso,0
260,emprestimo,agencia,BA,8,21,0,fatura com tarifa nao informada,0
261,conta,chat,PR,7,10,1,aplicativo fecha sozinho,0
262,cartao,agencia,SP,4,42,0,limite reduzido sem aviso,0
263,cartao,chat,PE,8,21,0,transferencia nao executada no horario,0
264,emprestimo,telefone,MG,2,15,0,app travando na tela de pagamento,0
265,cartao,email,SP,4,33,0,atendimento demorado no telefone,0
266,app,email,PE,4,10,0,app travando na tela de pagamento,0
267,conta,email,RS,7,4,0,transferencia nao executada no horario,0
268,emprestimo,agencia,RS,3,8,1,erro 502 ao contratar emprestimo,0
269,conta,email,CE,8,22,0,cobranca em duplicidade,1
270,cartao,telefone,BA,1,35,1,cartao bloqueado sem motivo,0
271,conta,chat,PE,5,15,0,limite reduzido sem aviso,0
272,emprestimo,chat,MG,9,11,0,falha para gerar comprovante,1
273,conta,chat,RJ,5,40,0,transferencia nao executada no horario,0
274,cartao,email,RS,6,20,0,limite reduzido sem aviso,0
275,cartao,email,RS,10,2,0,fatura com tarifa nao informada,1
276,cartao,app,PE,7,38,0,atendimento demorado no telefone,0
277,cartao,email,SP,6,36,0,transferencia nao executada no horario,0
278,emprestimo,agencia,SC,6,37,0,app travando na tela de pagamento,0
279,cartao,email,RJ,3,30,0,aplicativo fecha sozinho,0
280,conta,app,DF,6,22,0,transferencia nao executada no horario,0
281,app,agencia,DF,8,30,0,falha para gerar comprovante,0
282,app,app,BA,2,33,0,cartao bloqueado sem motivo,0
283,conta,telefone,BA,9,38,1,atendimento demorado no telefone,0
284,emprestimo,email,SP,4,22,0,transferencia nao executada no horario,0
285,app,telefone,MG,2,35,0,cartao bloqueado sem motivo,0
286,app,app,PR,3,17,0,transferencia nao executada no horario,1
287,conta,telefone,CE,6,22,0,limite reduzido sem aviso,1
288,conta,agencia,RS,3,17,0,transferencia nao executada no horario,0
289,conta,agencia,PE,2,26,0,transferencia nao executada no horario,0
290,cartao,agencia,BA,6,46,0,cartao bloqueado sem motivo,0
291,conta,telefone,SP,4,1,0,limite reduzido sem aviso,0
292,conta,email,RJ,4,17,1,falha para gerar comprovante,0
293,cartao,app,RJ,4,47,1,app travando na tela de pagamento,1
294,emprestimo,email,PE,6,24,0,aplicativo fecha sozinho,0
295,conta,chat,DF,4,34,0,cartao bloqueado sem motivo,1
296,conta,agencia,PE,5,41,0,transferencia nao executada no horario,0
297,app,agencia,SC,4,27,0,limite reduzido sem aviso,0
298,conta,agencia,SC,4,17,0,falha para gerar comprovante,0
299,conta,agencia,PR,3,24,0,atendimento demorado no telefone,0
300,emprestimo,agencia,SC,3,22,1,cobranca em duplicidade,1
301,conta,chat,CE,5,24,0,cartao bloqueado sem motivo,0
302,cartao,agencia,PE,3,26,0,falha para gerar comprovante,0
303,cartao,app,PR,1,12,0,aplicativo fecha sozinho,0
304,app,email,RS,6,36,1,fatura com tarifa nao informada,1
305,emprestimo,chat,BA,2,20,0,cartao bloqueado sem motivo,1
306,cartao,email,DF,5,29,0,app travando na tela de pagamento,0
307,conta,agencia,RJ,6,23,0,transferencia nao executada no horario,0
308,conta,email,CE,6,23,0,transferencia nao executada no horario,0
309,app,email,SP,6,20,0,falha para gerar comprovante,0
310,conta,telefone,BA,4,32,0,aplicativo fecha sozinho,0
311,conta,email,DF,7,24,0,falha para gerar comprovante,0
312,cartao,chat,RJ,6,20,0,aplicativo fecha sozinho,0
313,conta,telefone,RS,7,6,0,app travando na tela de pagamento,0
314,cartao,agencia,DF,5,31,1,aplicativo fecha sozinho,0
315,app,telefone,SC,6,15,1,cobranca em duplicidade,0
316,cartao,app,RS,7,10,1,atendimento demorado no telefone,0
317,emprestimo,email,RJ,5,32,0,cobranca em duplicidade,1
318,app,telefone,CE,4,9,0,atendimento demorado no telefone,0
319,emprestimo,telefone,DF,8,4,1,fatura com tarifa nao informada,0
320,conta,agencia,BA,1,27,0,cobranca em duplicidade,0
321,emprestimo,email,MG,8,14,0,cartao bloqueado sem motivo,1
322,cartao,app,CE,2,29,1,transferencia nao executada no horario,0
323,emprestimo,email,PR,7,22,0,transferencia nao executada no horario,0
324,emprestimo,app,CE,5,29,0,cartao bloqueado sem motivo,0
325,app,app,SP,8,1,0,limite reduzido sem aviso,0
326,emprestimo,app,SC,3,36,0,cartao bloqueado sem motivo,0
327,emprestimo,chat,RS,4,11,0,erro 502 ao contratar emprestimo,1
328,conta,telefone,PE,4,39,0,fatura com tarifa nao informada,0
329,emprestimo,telefone,RJ,4,14,0,limite reduzido sem aviso,0
330,cartao,agencia,SC,5,2,0,falha para gerar comprovante,0
331,conta,app,PR,6,26,0,fatura com tarifa nao informada,0
332,emprestimo,chat,BA,7,9,0,limite reduzido sem aviso,0
333,conta,email,SC,5,21,0,fatura com tarifa nao informada,1
334,emprestimo,telefone,PR,5,33,0,app travando na tela de pagamento,0
335,conta,app,SC,3,33,1,atendimento demorado no telefone,1
336,conta,telefone,BA,6,17,0,fatura com tarifa nao informada,0
337,cartao,chat,RJ,6,14,0,cobranca em duplicidade,1
338,cartao,agencia,CE,6,35,0,falha para gerar comprovante,0
339,app,agencia,RS,4,50,1,atendimento demorado no telefone,0
340,app,chat,RS,3,37,1,app travando na tela de pagamento,0
341,cartao,email,RS,3,45,0,erro 502 ao contratar emprestimo,1
342,cartao,app,PE,6,23,1,falha para gerar comprovante,0
343,cartao,email,PE,4,25,0,aplicativo fecha sozinho,0
344,cartao,chat,RJ,0,26,0,transferencia nao executada no horario,0
345,cartao,app,PE,5,25,0,erro 502 ao contratar emprestimo,0
346,conta,app,RS,6,35,0,atendimento demorado no telefone,0
347,conta,chat,SC,4,31,0,erro 502 ao contratar emprestimo,0
348,conta,telefone,PE,3,37,0,cobranca em duplicidade,0
349,conta,app,MG,5,2,0,limite reduzido sem aviso,0
350,emprestimo,email,PR,6,28,0,erro 502 ao contratar emprestimo,1
351,conta,agencia,BA,7,21,1,cobranca em duplicidade,1
352,app,telefone,BA,6,8,0,transferencia nao executada no horario,0
353,app,telefone,BA,6,28,0,erro 502 ao contratar emprestimo,0
354,emprestimo,email,BA,5,18,0,falha para gerar comprovante,0
355,cartao,agencia,PE,6,33,0,limite reduzido sem aviso,0
356,app,telefone,SP,2,42,0,falha para gerar comprovante,1
357,conta,agencia,RJ,5,17,0,cobranca em duplicidade,0
358,conta,app,PE,6,29,0,transferencia nao executada no horario,0
359,app,telefone,CE,6,25,0,fatura com tarifa nao informada,0
360,app,telefone,PE,4,24,0,aplicativo fecha sozinho,0
361,app,telefone,SC,6,36,0,aplicativo fecha sozinho,0
362,cartao,agencia,PR,4,19,0,falha para gerar comprovante,0
363,cartao,email,BA,5,20,1,aplicativo fecha sozinho,0
364,conta,agencia,MG,4,35,1,cobranca em duplicidade,0
365,conta,telefone,SP,4,11,0,atendimento demorado no telefone,0
366,conta,telefone,RJ,7,15,1,aplicativo fecha sozinho,1
367,emprestimo,email,PE,8,31,0,fatura com tarifa nao informada,1
368,app,app,RS,4,16,0,falha para gerar comprovante,0
369,emprestimo,chat,BA,6,24,0,app travando na tela de pagamento,1
370,emprestimo,app,RJ,10,26,1,atendimento demorado no telefone,0
371,app,agencia,PR,5,18,0,limite reduzido sem aviso,0
372,conta,telefone,CE,4,24,0,cobranca em duplicidade,1
373,emprestimo,telefone,BA,5,14,0,atendimento demorado no telefone,0
374,cartao,telefone,MG,8,20,0,aplicativo fecha sozinho,0
375,conta,app,PE,7,35,0,fatura com tarifa nao informada,1
376,conta,chat,SP,6,22,0,app travando na tela de pagamento,0
377,emprestimo,agencia,DF,6,14,0,atendimento demorado no telefone,1
378,cartao,chat,PE,10,27,0,transferencia nao executada no horario,0
379,app,telefone,PE,4,11,0,cartao bloqueado sem motivo,0
380,cartao,app,MG,8,14,0,transferencia nao executada no horario,0
381,emprestimo,telefone,SC,2,15,1,cobranca em duplicidade,0
382,app,email,BA,7,1,0,cartao bloqueado sem motivo,0
383,app,chat,RS,8,30,0,fatura com tarifa nao informada,1
384,conta,telefone,SP,6,33,1,app travando na tela de pagamento,0
385,app,chat,SC,6,10,0,falha para gerar comprovante,1
386,conta,telefone,BA,3,46,0,falha para gerar comprovante,0
387,app,chat,RJ,8,27,0,erro 502 ao contratar emprestimo,0
388,cartao,email,CE,7,5,1,erro 502 ao contratar emprestimo,1
389,emprestimo,agencia,DF,8,35,0,transferencia nao executada no horario,0
390,cartao,app,BA,5,13,0,cobranca em duplicidade,0
391,app,chat,MG,9,24,0,cartao bloqueado sem motivo,1
392,emprestimo,email,DF,8,24,0,cobranca em duplicidade,0
393,app,telefone,CE,10,20,0,fatura com tarifa nao informada,0
394,emprestimo,telefone,PE,1,30,0,transferencia nao executada no horario,0
395,emprestimo,app,PR,4,5,1,atendimento demorado no telefone,1
396,cartao,app,MG,10,34,0,cartao bloqueado sem motivo,1
397,app,chat,BA,1,21,0,cartao bloqueado sem motivo,0
398,app,telefone,BA,9,32,0,app travando na tela de pagamento,0
399,emprestimo,agencia,PR,3,1,0,limite reduzido sem aviso,0
400,app,telefone,RS,9,12,0,falha para gerar comprovante,0
401,app,chat,BA,8,19,1,app travando na tela de pagamento,0
402,app,app,SP,5,43,0,app travando na tela de pagamento,0
403,cartao,app,SP,6,22,0,atendimento demorado no telefone,0
404,app,chat,PR,7,16,0,erro 502 ao contratar emprestimo,0
405,conta,chat,SC,2,32,0,cartao bloqueado sem motivo,0
406,conta,chat,CE,5,21,0,aplicativo fecha sozinho,0
407,conta,agencia,SC,6,15,0,cartao bloqueado sem motivo,0
408,cartao,agencia,PE,6,19,0,app travando na tela de pagamento,0
409,conta,app,BA,2,6,0,aplicativo fecha sozinho,0
410,app,chat,MG,7,1,0,erro 502 ao contratar emprestimo,0
411,conta,telefone,BA,6,37,0,cobranca em duplicidade,0
412,conta,chat,DF,2,36,0,transferencia nao executada no horario,0
413,app,agencia,CE,4,27,1,limite reduzido sem aviso,0
414,app,email,SC,4,32,0,aplicativo fecha sozinho,0
415,cartao,app,SC,7,33,0,atendimento demorado no telefone,1
416,emprestimo,email,SC,5,25,0,falha para gerar comprovante,0
417,app,app,MG,3,8,1,cobranca em duplicidade,1
418,app,chat,DF,5,39,0,transferencia nao executada no horario,0
419,conta,email,PR,6,31,0,app travando na tela de pagamento,0
420,emprestimo,agencia,SC,7,20,0,atendimento demorado no telefone,0
421,cartao,agencia,RJ,5,22,0,erro 502 ao contratar emprestimo,0
422,emprestimo,telefone,CE,6,23,0,transferencia nao executada no horario,0
423,emprestimo,telefone,DF,8,50,0,transferencia nao executada no horario,0
424,conta,telefone,RS,7,26,0,atendimento demorado no telefone,1
425,app,agencia,SC,9,28,0,atendimento demorado no telefone,0
426,conta,app,PE,6,33,1,cobranca em duplicidade,0
427,emprestimo,agencia,PR,7,3,0,limite reduzido sem aviso,0
428,app,app,RJ,5,2,1,falha para gerar comprovante,1
429,conta,app,SC,8,17,0,fatura com tarifa nao informada,0
430,app,agencia,SC,5,36,0,limite reduzido sem aviso,1
431,conta,chat,DF,6,28,0,falha para gerar comprovante,0
432,emprestimo,agencia,PR,5,48,0,cobranca em duplicidade,0
433,cartao,telefone,BA,5,1,0,limite reduzido sem aviso,0
434,cartao,chat,MG,8,41,0,app travando na tela de pagamento,0
435,app,email,BA,8,12,0,transferencia nao executada no horario,0
436,conta,telefone,SP,10,31,0,transferencia nao executada no horario,0
437,emprestimo,agencia,SC,4,12,0,aplicativo fecha sozinho,0
438,conta,app,PE,5,28,0,cartao bloqueado sem motivo,0
439,app,email,BA,6,31,0,cartao bloqueado sem motivo,0
440,cartao,chat,MG,2,14,0,limite reduzido sem aviso,0
441,conta,chat,RS,4,40,0,app travando na tela de pagamento,0
442,emprestimo,telefone,RJ,4,21,1,fatura com tarifa nao informada,0
443,conta,chat,BA,4,19,0,atendimento demorado no telefone,0
444,cartao,chat,RJ,4,43,0,fatura com tarifa nao informada,0
445,emprestimo,email,MG,4,22,0,app travando na tela de pagamento,0
446,emprestimo,agencia,RJ,6,12,0,transferencia nao executada no horario,0
447,cartao,email,PR,7,38,1,limite reduzido sem aviso,0
448,app,email,CE,7,22,0,atendimento demorado no telefone,0
449,cartao,chat,RS,9,17,0,limite reduzido sem aviso,0
450,cartao,telefone,BA,6,39,0,transferencia nao executada no horario,0
451,emprestimo,email,PR,4,21,0,cobranca em duplicidade,0
452,emprestimo,chat,PR,3,18,1,app travando na tela de pagamento,0
453,emprestimo,email,CE,4,32,0,cobranca em duplicidade,0
454,emprestimo,chat,PE,6,42,0,app travando na tela de pagamento,1
455,conta,email,RS,5,35,0,app travando na tela de pagamento,0
456,app,app,PE,5,39,0,fatura com tarifa nao informada,0
457,cartao,app,RS,5,40,0,limite reduzido sem aviso,0
458,emprestimo,chat,PR,4,34,0,atendimento demorado no telefone,1
459,emprestimo,email,RS,5,28,0,fatura com tarifa nao informada,0
460,conta,agencia,MG,7,23,0,limite reduzido sem aviso,0
461,emprestimo,chat,RJ,6,36,1,transferencia nao executada no horario,0
462,cartao,telefone,BA,6,16,0,transferencia nao executada no horario,0
463,conta,telefone,RS,3,9,0,limite reduzido sem aviso,0
464,cartao,chat,RS,5,12,0,atendimento demorado no telefone,0
465,cartao,chat,SC,7,14,0,cobranca em duplicidade,0
466,emprestimo,agencia,PE,5,21,0,app travando na tela de pagamento,0
467,conta,app,PR,2,25,0,cobranca em duplicidade,0
468,cartao,email,PE,7,34,0,transferencia nao executada no horario,0
469,app,agencia,SP,4,15,0,fatura com tarifa nao informada,0
470,app,chat,RS,7,30,0,fatura com tarifa nao informada,0
471,conta,telefone,RS,7,18,0,erro 502 ao contratar emprestimo,0
472,app,telefone,PE,7,36,1,transferencia nao executada no horario,0
473,emprestimo,telefone,SC,4,18,0,erro 502 ao contratar emprestimo,0
474,conta,email,PR,8,32,0,atendimento demorado no telefone,0
475,cartao,telefone,RS,5,35,0,app travando na tela de pagamento,0
476,conta,email,MG,9,1,1,cobranca em duplicidade,1
477,app,app,CE,5,18,0,transferencia nao executada no horario,1
478,cartao,app,RJ,7,33,0,cobranca em duplicidade,1
479,conta,app,PR,3,24,1,falha para gerar comprovante,0
480,emprestimo,agencia,SC,10,13,0,atendimento demorado no telefone,0
481,app,agencia,RS,5,30,1,fatura com tarifa nao informada,0
482,conta,telefone,SC,8,30,0,atendimento demorado no telefone,0
483,emprestimo,agencia,CE,4,33,0,app travando na tela de pagamento,0
484,app,telefone,MG,6,14,0,limite reduzido sem aviso,1
485,app,app,RJ,4,6,0,atendimento demorado no telefone,0
486,conta,telefone,BA,3,30,0,atendimento demorado no telefone,0
487,app,agencia,PE,4,11,0,fatura com tarifa nao informada,1
488,cartao,email,CE,4,14,0,transferencia nao executada no horario,0
489,cartao,telefone,RS,8,23,1,cartao bloqueado sem motivo,0
490,cartao,app,PR,5,14,1,falha para gerar comprovante,1
491,conta,telefone,SC,4,16,1,falha para gerar comprovante,0
492,cartao,telefone,DF,7,17,0,aplicativo fecha sozinho,0
493,conta,chat,RJ,6,37,0,atendimento demorado no telefone,0
494,cartao,agencia,SC,9,23,0,cartao bloqueado sem motivo,0
495,emprestimo,app,PE,9,11,1,atendimento demorado no telefone,0
496,app,app,MG,4,15,0,atendimento demorado no telefone,0
497,app,chat,SP,5,15,0,fatura com tarifa nao informada,1
498,emprestimo,email,SC,0,2,1,aplicativo fecha sozinho,0
499,emprestimo,chat,RS,8,24,0,app travando na tela de pagamento,0
500,conta,agencia,PR,6,32,0,atendimento demorado no telefone,1
501,emprestimo,telefone,PR,5,1,0,transferencia nao executada no horario,0
502,cartao,telefone,PR,6,47,0,app travando na tela de pagamento,0
503,conta,agencia,BA,6,4,0,cobranca em duplicidade,0
504,emprestimo,agencia,DF,8,23,0,cobranca em duplicidade,0
505,emprestimo,agencia,PR,4,22,0,fatura com tarifa nao informada,0
506,cartao,email,PR,5,27,0,cobranca em duplicidade,0
507,conta,agencia,RJ,9,26,0,app travando na tela de pagamento,0
508,cartao,telefone,RJ,10,18,0,limite reduzido sem aviso,0
509,cartao,agencia,SP,5,38,0,fatura com tarifa nao informada,0
510,cartao,email,SP,5,1,0,falha para gerar comprovante,0
511,cartao,telefone,MG,5,18,0,app travando na tela de pagamento,0
512,app,telefone,PR,8,28,0,fatura com tarifa nao informada,0
513,cartao,email,BA,9,28,1,falha para gerar comprovante,0
514,emprestimo,telefone,RJ,7,7,0,app travando na tela de pagamento,0
515,conta,agencia,SP,3,28,1,atendimento demorado no telefone,0
516,conta,telefone,SC,4,23,0,transferencia nao executada no horario,0
517,cartao,app,PE,6,19,1,atendimento demorado no telefone,0
518,app,telefone,PE,7,12,0,fatura com tarifa nao informada,0
519,emprestimo,agencia,PE,5,18,1,falha para gerar comprovante,1
520,conta,agencia,RS,10,26,0,cartao bloqueado sem motivo,0
521,cartao,telefone,RS,10,13,0,app travando na tela de pagamento,0
522,cartao,agencia,SP,8,13,1,cartao bloqueado sem motivo,0
523,conta,telefone,CE,5,10,1,app travando na tela de pagamento,1
524,app,email,PR,3,13,1,erro 502 ao contratar emprestimo,0
525,cartao,agencia,SP,7,14,1,atendimento demorado no telefone,0
526,conta,email,SC,10,31,0,atendimento demorado no telefone,1
527,cartao,email,PE,5,24,0,erro 502 ao contratar emprestimo,0
528,app,chat,CE,6,38,0,app travando na tela de pagamento,0
529,cartao,app,RS,4,22,0,transferencia nao executada no horario,0
530,cartao,agencia,PE,7,30,1,erro 502 ao contratar emprestimo,0
531,emprestimo,agencia,BA,4,28,0,falha para gerar comprovante,0
532,cartao,app,MG,4,10,0,cobranca em duplicidade,0
533,app,agencia,DF,5,60,1,aplicativo fecha sozinho,0
534,cartao,telefone,CE,7,22,0,transferencia nao executada no horario,0
535,app,email,DF,6,22,0,atendimento demorado no telefone,0
536,cartao,app,RJ,3,15,1,aplicativo fecha sozinho,0
537,cartao,telefone,MG,4,28,0,erro 502 ao contratar emprestimo,0
538,app,telefone,RJ,8,32,0,app travando na tela de pagamento,0
539,conta,chat,RJ,7,26,0,falha para gerar comprovante,1
540,conta,email,SP,4,30,1,app travando na tela de pagamento,1
541,cartao,agencia,MG,5,7,0,cobranca em duplicidade,1
542,app,agencia,BA,5,36,0,falha para gerar comprovante,0
543,emprestimo,agencia,RS,4,37,0,cartao bloqueado sem motivo,0
544,app,app,SC,6,27,1,atendimento demorado no telefone,1
545,app,agencia,SP,7,11,0,atendimento demorado no telefone,0
546,emprestimo,agencia,PE,10,36,0,aplicativo fecha sozinho,0
547,app,chat,CE,6,16,0,fatura com tarifa nao informada,0
548,app,email,SP,7,6,1,cartao bloqueado sem motivo,0
549,conta,app,RJ,5,30,0,falha para gerar comprovante,0
550,conta,app,RJ,8,13,0,cartao bloqueado sem motivo,1
551,app,chat,PE,4,7,0,cartao bloqueado sem motivo,0
552,cartao,email,CE,3,35,0,aplicativo fecha sozinho,1
553,cartao,telefone,PR,4,19,0,erro 502 ao contratar emprestimo,0
554,app,chat,RJ,5,28,1,erro 502 ao contratar emprestimo,0
555,conta,agencia,CE,8,20,0,cartao bloqueado sem motivo,1
556,emprestimo,app,CE,7,1,0,cobranca em duplicidade,0
557,app,chat,RS,4,39,0,atendimento demorado no telefone,0
558,app,chat,RJ,5,11,0,erro 502 ao contratar emprestimo,1
559,conta,chat,SP,4,31,1,limite reduzido sem aviso,0
560,emprestimo,chat,SC,7,48,0,cobranca em duplicidade,0
561,cartao,email,PR,6,32,0,falha para gerar comprovante,0
562,app,email,RS,5,25,0,fatura com tarifa nao informada,0
563,emprestimo,app,MG,8,33,1,cartao bloqueado sem motivo,0
564,conta,agencia,CE,7,27,0,cobranca em duplicidade,0
565,app,email,PR,6,23,1,aplicativo fecha sozinho,0
566,app,app,RS,5,29,0,aplicativo fecha sozinho,0
567,cartao,agencia,PE,9,33,0,cobranca em duplicidade,0
568,cartao,chat,BA,7,12,0,app travando na tela de pagamento,0
569,conta,email,PE,5,1,0,aplicativo fecha sozinho,1
570,cartao,chat,DF,6,23,0,erro 502 ao contratar emprestimo,0
571,app,app,SP,3,24,0,cobranca em duplicidade,0
572,emprestimo,agencia,MG,2,6,0,erro 502 ao contratar emprestimo,1
573,cartao,app,RJ,5,12,0,falha para gerar comprovante,1
574,cartao,agencia,MG,4,23,0,fatura com tarifa nao informada,0
575,cartao,agencia,SP,4,11,0,atendimento demorado no telefone,0
576,emprestimo,chat,PE,7,13,0,aplicativo fecha sozinho,0
577,conta,email,RJ,7,15,0,falha para gerar comprovante,0
578,app,chat,RS,9,29,0,atendimento demorado no telefone,0
579,app,app,DF,1,25,0,limite reduzido sem aviso,0
580,emprestimo,agencia,BA,7,25,0,erro 502 ao contratar emprestimo,1
581,emprestimo,agencia,DF,4,57,0,cartao bloqueado sem motivo,0
582,conta,telefone,RS,7,4,0,falha para gerar comprovante,0
583,app,agencia,DF,7,16,0,atendimento demorado no telefone,0
584,emprestimo,email,CE,6,24,0,app travando na tela de pagamento,0
585,app,app,BA,7,17,1,limite reduzido sem aviso,0
586,cartao,app,SC,7,41,0,cartao bloqueado sem motivo,1
587,cartao,telefone,BA,7,25,0,limite reduzido sem aviso,0
588,emprestimo,chat,PR,10,40,0,fatura com tarifa nao informada,0
589,emprestimo,chat,MG,5,37,0,erro 502 ao contratar emprestimo,0
590,emprestimo,email,RS,5,37,0,atendimento demorado no telefone,0
591,app,app,MG,8,34,0,falha para gerar comprovante,0
592,cartao,telefone,RJ,5,9,0,cartao bloqueado sem motivo,0
593,emprestimo,telefone,RJ,5,36,1,limite reduzido sem aviso,0
594,emprestimo,agencia,SC,8,31,0,fatura com tarifa nao informada,0
595,cartao,chat,PE,6,30,0,cartao bloqueado sem motivo,0
596,conta,app,MG,8,28,0,cobranca em duplicidade,0
597,conta,app,SP,7,15,1,aplicativo fecha sozinho,1
598,cartao,telefone,SC,9,28,0,app travando na tela de pagamento,0
599,cartao,email,DF,5,39,1,atendimento demorado no telefone,0
600,conta,email,RS,5,34,0,atendimento demorado no telefone,0
601,conta,chat,PE,6,20,1,limite reduzido sem aviso,1
602,app,email,RS,7,15,1,aplicativo fecha sozinho,0
603,cartao,telefone,MG,5,21,1,limite reduzido sem aviso,0
604,emprestimo,app,PR,6,8,0,cobranca em duplicidade,1
605,conta,email,PE,3,29,0,transferencia nao executada no horario,0
606,app,app,RS,5,16,0,app travando na tela de pagamento,0
607,conta,email,MG,3,31,0,atendimento demorado no telefone,1
608,app,telefone,RJ,10,11,0,aplicativo fecha sozinho,0
609,app,agencia,PE,8,45,0,limite reduzido sem aviso,1
610,cartao,agencia,SP,4,2,1,app travando na tela de pagamento,1
611,emprestimo,telefone,BA,8,24,1,falha para gerar comprovante,0
612,emprestimo,app,PE,5,31,0,aplicativo fecha sozinho,1
613,conta,app,SP,6,1,0,fatura com tarifa nao informada,0
614,emprestimo,app,SP,5,27,0,app travando na tela de pagamento,0
615,emprestimo,email,RJ,10,24,0,cartao bloqueado sem motivo,0
616,conta,agencia,PR,8,16,0,limite reduzido sem aviso,0
617,emprestimo,email,RJ,8,26,0,fatura com tarifa nao informada,0
618,emprestimo,agencia,RJ,4,20,0,cartao bloqueado sem motivo,0
619,app,app,PE,6,41,0,falha para gerar comprovante,0
620,emprestimo,telefone,PR,6,21,1,app travando na tela de pagamento,0
621,cartao,telefone,CE,6,18,1,limite reduzido sem aviso,0
622,app,chat,RJ,3,3,0,cartao bloqueado sem motivo,1
623,cartao,email,MG,2,7,1,app travando na tela de pagamento,1
624,app,app,PR,6,16,0,cartao bloqueado sem motivo,0
625,emprestimo,email,BA,6,9,0,falha para gerar comprovante,0
626,conta,agencia,SC,5,1,1,cobranca em duplicidade,0
627,conta,email,PR,5,11,0,transferencia nao executada no horario,0
628,app,telefone,SC,4,30,1,atendimento demorado no telefone,1
629,cartao,chat,RJ,5,29,0,atendimento demorado no telefone,0
630,cartao,app,MG,4,33,1,transferencia nao executada no horario,1
631,conta,agencia,PE,7,35,0,atendimento demorado no telefone,0
632,app,chat,MG,7,27,0,cobranca em duplicidade,0
633,cartao,agencia,CE,5,24,0,limite reduzido sem aviso,1
634,emprestimo,agencia,BA,5,4,0,aplicativo fecha sozinho,0
635,emprestimo,chat,PR,5,3,0,atendimento demorado no telefone,0
636,emprestimo,agencia,DF,4,21,0,cobranca em duplicidade,0
637,emprestimo,agencia,SP,5,8,0,atendimento demorado no telefone,0
638,cartao,telefone,RS,6,31,0,fatura com tarifa nao informada,0
639,conta,telefone,BA,7,33,1,limite reduzido sem aviso,0
640,app,app,CE,8,12,0,atendimento demorado no telefone,0
641,cartao,telefone,RJ,6,1,0,atendimento demorado no telefone,0
642,app,app,RS,5,24,0,falha para gerar comprovante,1
643,app,chat,BA,5,32,0,cartao bloqueado sem motivo,0
644,cartao,app,RS,3,34,0,falha para gerar comprovante,1
645,app,agencia,PR,6,35,0,aplicativo fecha sozinho,0
646,cartao,chat,CE,6,27,0,app travando na tela de pagamento,0
647,cartao,chat,RJ,5,15,0,erro 502 ao contratar emprestimo,0
648,emprestimo,email,RJ,7,38,0,aplicativo fecha sozinho,0
649,cartao,telefone,PR,7,26,0,aplicativo fecha sozinho,0
650,app,email,RJ,5,14,0,erro 502 ao contratar emprestimo,0
651,emprestimo,email,SP,5,21,0,app travando na tela de pagamento,0
652,emprestimo,app,SC,6,1,0,fatura com tarifa nao informada,0
653,app,app,BA,7,15,0,cobranca em duplicidade,1
654,cartao,email,BA,3,24,0,transferencia nao executada no horario,0
655,conta,email,SC,3,43,0,falha para gerar comprovante,0
656,cartao,email,SC,6,30,1,app travando na tela de pagamento,0
657,app,telefone,DF,3,28,0,erro 502 ao contratar emprestimo,1
658,emprestimo,email,RS,5,40,1,app travando na tela de pagamento,0
659,app,app,SC,4,19,1,app travando na tela de pagamento,0
660,cartao,chat,MG,1,11,0,transferencia nao executada no horario,0
661,cartao,email,PR,4,27,1,falha para gerar comprovante,0
662,cartao,telefone,MG,2,53,0,cobranca em duplicidade,1
663,emprestimo,agencia,MG,8,53,0,erro 502 ao contratar emprestimo,1
664,cartao,chat,PE,5,16,0,app travando na tela de pagamento,0
665,cartao,email,RS,3,31,0,cobranca em duplicidade,0
666,app,app,BA,3,14,0,cartao bloqueado sem motivo,0
667,emprestimo,agencia,MG,6,26,0,falha para gerar comprovante,0
668,conta,chat,RJ,6,20,1,erro 502 ao contratar emprestimo,0
669,emprestimo,telefone,CE,5,39,0,limite reduzido sem aviso,0
670,emprestimo,app,SC,10,23,0,falha para gerar comprovante,0
671,conta,telefone,SP,4,35,0,cartao bloqueado sem motivo,0
672,emprestimo,email,BA,7,18,0,limite reduzido sem aviso,0
673,conta,email,PE,4,11,1,cartao bloqueado sem motivo,0
674,emprestimo,telefone,PE,4,27,0,atendimento demorado no telefone,0
675,emprestimo,chat,DF,6,20,0,app travando na tela de pagamento,0
676,cartao,app,DF,3,29,0,fatura com tarifa nao informada,0
677,conta,chat,CE,5,15,1,falha para gerar comprovante,1
678,conta,app,PE,4,8,0,cartao bloqueado sem motivo,0
679,cartao,chat,RJ,8,20,0,atendimento demorado no telefone,0
680,conta,chat,PR,6,27,0,erro 502 ao contratar emprestimo,0
681,emprestimo,email,PR,9,35,0,aplicativo fecha sozinho,0
682,conta,agencia,BA,3,5,0,transferencia nao executada no horario,0
683,emprestimo,email,RS,5,26,0,cartao bloqueado sem motivo,1
684,cartao,chat,CE,4,25,0,fatura com tarifa nao informada,0
685,cartao,chat,RJ,6,22,0,aplicativo fecha sozinho,0
686,app,agencia,RJ,5,17,1,cartao bloqueado sem motivo,0
687,emprestimo,chat,PR,6,17,0,transferencia nao executada no horario,0
688,app,telefone,PR,7,32,0,aplicativo fecha sozinho,1
689,conta,email,SP,4,16,0,cobranca em duplicidade,0
690,emprestimo,email,BA,5,1,1,erro 502 ao contratar emprestimo,0
691,conta,chat,SC,3,14,0,fatura com tarifa nao informada,0
692,emprestimo,agencia,RJ,8,34,0,aplicativo fecha sozinho,0
693,cartao,agencia,PE,4,3,0,app travando na tela de pagamento,0
694,emprestimo,app,DF,4,9,1,app travando na tela de pagamento,0
695,app,chat,SC,6,21,1,limite reduzido sem aviso,0
696,emprestimo,app,CE,5,33,1,app travando na tela de pagamento,0
697,cartao,agencia,DF,7,30,0,cartao bloqueado sem motivo,1
698,app,agencia,MG,8,35,0,erro 502 ao contratar emprestimo,1
699,cartao,agencia,BA,4,28,1,cobranca em duplicidade,1
700,emprestimo,telefone,PR,5,12,0,app travando na tela de pagamento,0
701,app,chat,PR,3,16,0,transferencia nao executada no horario,0
702,emprestimo,app,RS,5,65,0,app travando na tela de pagamento,0
703,app,email,RJ,6,47,0,fatura com tarifa nao informada,0
704,conta,app,DF,6,13,1,app travando na tela de pagamento,1
705,conta,chat,SP,8,29,0,limite reduzido sem aviso,0
706,app,telefone,RS,5,27,0,falha para gerar comprovante,0
707,emprestimo,chat,BA,8,31,0,fatura com tarifa nao informada,0
708,conta,chat,RJ,3,17,1,limite reduzido sem aviso,0
709,app,email,CE,8,24,0,transferencia nao executada no horario,0
710,app,app,SP,6,19,0,limite reduzido sem aviso,0
711,app,agencia,RJ,7,11,0,cobranca em duplicidade,0
712,conta,chat,MG,1,27,0,fatura com tarifa nao informada,0
713,conta,agencia,RJ,8,20,1,falha para gerar comprovante,0
714,cartao,telefone,PE,6,27,0,falha para gerar comprovante,0
715,app,email,MG,8,38,0,cobranca em duplicidade,0
716,app,telefone,RS,7,63,1,limite reduzido sem aviso,0
717,app,chat,BA,9,15,0,cobranca em duplicidade,1
718,emprestimo,email,BA,8,38,1,cobranca em duplicidade,1
719,app,app,PE,7,24,1,aplicativo fecha sozinho,0
720,cartao,telefone,RS,4,26,0,cartao bloqueado sem motivo,0
721,conta,email,RS,8,20,1,app travando na tela de pagamento,0
722,cartao,agencia,CE,7,3,0,falha para gerar comprovante,0
723,app,chat,DF,8,18,0,atendimento demorado no telefone,0
724,conta,app,PE,6,37,0,fatura com tarifa nao informada,0
725,app,chat,MG,9,28,0,app travando na tela de pagamento,1
726,app,chat,PE,4,40,0,erro 502 ao contratar emprestimo,0
727,emprestimo,telefone,RS,9,15,0,app travando na tela de pagamento,0
728,conta,chat,MG,2,13,1,atendimento demorado no telefone,0
729,conta,app,CE,4,44,1,cartao bloqueado sem motivo,1
730,app,chat,DF,4,24,0,aplicativo fecha sozinho,0
731,conta,telefone,SC,1,27,0,cobranca em duplicidade,0
732,app,chat,DF,5,23,0,cobranca em duplicidade,1
733,emprestimo,agencia,MG,4,25,1,transferencia nao executada no horario,1
734,cartao,telefone,MG,8,29,0,cobranca em duplicidade,0
735,emprestimo,chat,SP,9,36,0,aplicativo fecha sozinho,0
736,conta,app,MG,6,21,1,erro 502 ao contratar emprestimo,0
737,emprestimo,telefone,PR,4,28,0,fatura com tarifa nao informada,0
738,emprestimo,agencia,CE,5,10,1,atendimento demorado no telefone,0
739,conta,app,PE,7,19,0,limite reduzido sem aviso,0
740,emprestimo,app,CE,5,16,0,app travando na tela de pagamento,0
741,cartao,email,DF,5,32,0,transferencia nao executada no horario,0
742,conta,chat,CE,7,1,0,transferencia nao executada no horario,0
743,app,agencia,PE,9,27,0,transferencia nao executada no horario,0
744,app,telefone,PE,5,31,0,aplicativo fecha sozinho,0
745,cartao,telefone,SP,3,12,0,erro 502 ao contratar emprestimo,0
746,conta,app,SC,3,8,1,fatura com tarifa nao informada,0
747,app,chat,CE,5,39,0,app travando na tela de pagamento,0
748,app,email,DF,8,22,0,app travando na tela de pagamento,0
749,emprestimo,agencia,DF,8,27,0,transferencia nao executada no horario,0
750,conta,agencia,SP,3,15,0,aplicativo fecha sozinho,0
751,emprestimo,agencia,SC,5,6,0,erro 502 ao contratar emprestimo,1
752,cartao,agencia,PR,6,46,1,limite reduzido sem aviso,1
753,conta,email,SC,4,27,0,fatura com tarifa nao informada,0
754,cartao,agencia,PR,3,29,1,transferencia nao executada no horario,0
755,conta,telefone,RJ,5,7,1,cartao bloqueado sem motivo,0
756,emprestimo,email,DF,5,17,1,transferencia nao executada no horario,0
757,app,agencia,MG,4,35,0,cobranca em duplicidade,0
758,app,app,PE,4,27,0,erro 502 ao contratar emprestimo,1
759,app,chat,RS,7,27,0,cobranca em duplicidade,0
760,emprestimo,agencia,RS,5,29,0,cartao bloqueado sem motivo,0
761,app,telefone,CE,3,29,0,fatura com tarifa nao informada,0
762,app,chat,MG,4,27,0,app travando na tela de pagamento,0
763,emprestimo,email,BA,4,6,0,atendimento demorado no telefone,0
764,emprestimo,app,RJ,9,32,0,falha para gerar comprovante,0
765,app,telefone,RS,5,39,0,transferencia nao executada no horario,0
766,conta,telefone,SC,5,20,1,falha para gerar comprovante,0
767,conta,email,CE,6,22,0,erro 502 ao contratar emprestimo,0
768,emprestimo,telefone,RS,6,15,0,transferencia nao executada no horario,0
769,cartao,app,DF,3,23,0,transferencia nao executada no horario,1
770,conta,telefone,RS,7,36,0,falha para gerar comprovante,0
771,cartao,email,RS,6,1,0,limite reduzido sem aviso,0
772,cartao,app,DF,4,15,0,aplicativo fecha sozinho,0
773,cartao,app,PR,6,33,0,aplicativo fecha sozinho,0
774,emprestimo,telefone,SC,4,27,0,app travando na tela de pagamento,0
775,emprestimo,app,SP,6,31,0,app travando na tela de pagamento,0
776,app,app,BA,9,27,0,cartao bloqueado sem motivo,0
777,app,agencia,SP,1,18,0,fatura com tarifa nao informada,0
778,conta,agencia,PR,8,20,0,fatura com tarifa nao informada,0
779,app,chat,PE,5,34,1,erro 502 ao contratar emprestimo,0
780,conta,app,SP,6,33,0,erro 502 ao contratar emprestimo,0
781,conta,chat,SP,9,32,0,app travando na tela de pagamento,0
782,conta,chat,RJ,6,11,1,aplicativo fecha sozinho,0
783,emprestimo,email,MG,9,18,0,transferencia nao executada no horario,0
784,cartao,telefone,SC,3,56,0,transferencia nao executada no horario,1
785,conta,app,MG,7,46,0,atendimento demorado no telefone,0
786,emprestimo,app,MG,3,2,0,cobranca em duplicidade,1
787,app,app,MG,3,1,0,aplicativo fecha sozinho,0
788,conta,chat,SC,4,34,0,falha para gerar comprovante,0
789,conta,email,CE,4,26,0,aplicativo fecha sozinho,0
790,emprestimo,telefone,RS,5,25,1,cartao bloqueado sem motivo,0
791,app,app,PE,4,4,0,cobranca em duplicidade,0
792,emprestimo,telefone,SC,7,39,0,falha para gerar comprovante,0
793,cartao,telefone,PE,5,18,0,cartao bloqueado sem motivo,1
794,app,telefone,DF,6,33,1,falha para gerar comprovante,0
795,emprestimo,email,RS,4,16,1,cartao bloqueado sem motivo,0
796,conta,email,DF,5,16,0,cartao bloqueado sem motivo,0
797,cartao,chat,MG,5,28,0,atendimento demorado no telefone,1
798,cartao,telefone,PE,7,18,0,aplicativo fecha sozinho,0
799,conta,agencia,BA,6,19,1,cartao bloqueado sem motivo,0
800,app,agencia,PE,8,13,0,falha para gerar comprovante,0
801,cartao,telefone,SC,6,25,1,limite reduzido sem aviso,1
802,cartao,email,PR,6,37,0,fatura com tarifa nao informada,0
803,emprestimo,app,RJ,5,20,0,atendimento demorado no telefone,0
804,cartao,email,BA,4,34,0,app travando na tela de pagamento,0
805,emprestimo,app,RS,5,23,0,transferencia nao executada no horario,0
806,app,agencia,DF,3,3,0,app travando na tela de pagamento,0
807,conta,chat,RS,9,16,0,transferencia nao executada no horario,0
808,app,telefone,RS,6,58,1,atendimento demorado no telefone,0
809,app,agencia,BA,4,36,1,erro 502 ao contratar emprestimo,0
810,app,telefone,SC,9,19,0,falha para gerar comprovante,0
811,emprestimo,agencia,MG,3,23,0,fatura com tarifa nao informada,0
812,emprestimo,chat,SC,6,24,0,transferencia nao executada no horario,0
813,conta,email,RS,7,3,1,app travando na tela de pagamento,0
814,cartao,telefone,DF,4,28,0,falha para gerar comprovante,0
815,emprestimo,email,RJ,6,30,0,fatura com tarifa nao informada,0
816,cartao,telefone,CE,9,16,0,transferencia nao executada no horario,0
817,app,agencia,SC,5,23,1,cartao bloqueado sem motivo,0
818,app,agencia,DF,7,7,1,atendimento demorado no telefone,0
819,emprestimo,email,DF,7,16,0,aplicativo fecha sozinho,0
820,emprestimo,agencia,RS,3,1,0,transferencia nao executada no horario,0
821,app,telefone,PR,1,11,0,limite reduzido sem aviso,0
822,emprestimo,app,SP,2,10,1,fatura com tarifa nao informada,0
823,cartao,telefone,RS,4,24,1,cobranca em duplicidade,1
824,emprestimo,email,DF,5,38,0,aplicativo fecha sozinho,0
825,conta,email,RJ,2,31,1,falha para gerar comprovante,0
826,cartao,telefone,SC,4,20,1,atendimento demorado no telefone,1
827,conta,email,MG,3,9,0,cartao bloqueado sem motivo,1
828,app,chat,DF,7,10,0,erro 502 ao contratar emprestimo,0
829,emprestimo,app,DF,6,19,0,cobranca em duplicidade,0
830,app,chat,MG,7,6,0,transferencia nao executada no horario,0
831,cartao,telefone,CE,7,39,0,aplicativo fecha sozinho,0
832,conta,email,RS,6,26,0,limite reduzido sem aviso,0
833,conta,telefone,PE,4,22,0,aplicativo fecha sozinho,1
834,app,chat,BA,8,25,1,atendimento demorado no telefone,0
835,app,agencia,RJ,5,33,0,transferencia nao executada no horario,0
836,cartao,email,RS,8,27,0,transferencia nao executada no horario,0
837,app,chat,PR,9,30,0,aplicativo fecha sozinho,0
838,emprestimo,chat,DF,7,12,1,atendimento demorado no telefone,0
839,conta,app,MG,5,46,0,falha para gerar comprovante,0
840,cartao,chat,BA,8,14,0,transferencia nao executada no horario,0
841,emprestimo,telefone,BA,6,1,0,fatura com tarifa nao informada,0
842,conta,chat,PR,6,18,0,fatura com tarifa nao informada,0
843,app,chat,PE,5,28,0,falha para gerar comprovante,0
844,conta,telefone,RJ,5,16,0,falha para gerar comprovante,0
845,app,email,MG,7,26,0,aplicativo fecha sozinho,0
846,cartao,chat,CE,6,27,0,app travando na tela de pagamento,0
847,conta,agencia,PE,4,15,0,cartao bloqueado sem motivo,0
848,app,agencia,DF,6,13,0,cobranca em duplicidade,0
849,conta,chat,PE,6,4,0,aplicativo fecha sozinho,0
850,emprestimo,email,RJ,7,8,0,transferencia nao executada no horario,0
851,app,chat,RS,5,12,0,cobranca em duplicidade,0
852,cartao,chat,RS,8,19,0,erro 502 ao contratar emprestimo,0
853,app,chat,RS,5,33,1,limite reduzido sem aviso,0
854,emprestimo,telefone,RJ,5,36,0,cobranca em duplicidade,0
855,cartao,telefone,DF,3,24,0,falha para gerar comprovante,0
856,conta,agencia,RS,8,34,0,erro 502 ao contratar emprestimo,0
857,emprestimo,email,DF,6,37,1,cobranca em duplicidade,1
858,cartao,chat,DF,5,24,1,aplicativo fecha sozinho,0
859,conta,app,RJ,5,20,0,limite reduzido sem aviso,0
860,emprestimo,agencia,MG,8,18,0,atendimento demorado no telefone,0
861,emprestimo,chat,MG,6,28,0,erro 502 ao contratar emprestimo,1
862,app,app,MG,4,25,1,fatura com tarifa nao informada,0
863,cartao,app,PE,4,6,0,cobranca em duplicidade,0
864,conta,chat,RS,5,30,0,fatura com tarifa nao informada,0
865,conta,app,BA,3,13,0,aplicativo fecha sozinho,0
866,app,app,SP,4,34,0,cobranca em duplicidade,0
867,cartao,chat,BA,5,24,1,fatura com tarifa nao informada,1
868,emprestimo,chat,SC,5,15,0,aplicativo fecha sozinho,0
869,app,chat,CE,5,17,1,atendimento demorado no telefone,0
870,cartao,chat,SC,6,12,0,cobranca em duplicidade,0
871,app,agencia,BA,5,28,0,fatura com tarifa nao informada,0
872,conta,app,CE,0,18,0,limite reduzido sem aviso,0
873,cartao,email,RJ,4,24,0,fatura com tarifa nao informada,0
874,conta,telefone,DF,8,31,1,cartao bloqueado sem motivo,0
875,app,email,BA,1,23,1,erro 502 ao contratar emprestimo,1
876,cartao,agencia,SC,4,1,0,aplicativo fecha sozinho,0
877,emprestimo,email,BA,5,18,0,atendimento demorado no telefone,0
878,conta,telefone,CE,8,3,0,cobranca em duplicidade,0
879,cartao,app,BA,10,11,0,atendimento demorado no telefone,0
880,app,telefone,DF,6,11,0,erro 502 ao contratar emprestimo,1
881,cartao,email,SP,8,35,0,fatura com tarifa nao informada,0
882,conta,app,BA,6,18,0,app travando na tela de pagamento,0
883,cartao,telefone,RS,3,11,1,cartao bloqueado sem motivo,1
884,conta,agencia,BA,4,18,0,atendimento demorado no telefone,0
885,emprestimo,app,SC,7,31,1,limite reduzido sem aviso,0
886,app,agencia,RJ,8,28,0,atendimento demorado no telefone,0
887,emprestimo,agencia,PE,7,4,0,falha para gerar comprovante,0
888,conta,email,PR,4,28,0,atendimento demorado no telefone,0
889,conta,email,MG,7,33,0,fatura com tarifa nao informada,0
890,conta,email,CE,8,27,0,cobranca em duplicidade,0
891,emprestimo,agencia,RJ,8,33,0,transferencia nao executada no horario,0
892,app,app,MG,6,30,1,transferencia nao executada no horario,0
893,conta,email,MG,5,5,0,aplicativo fecha sozinho,0
894,emprestimo,chat,BA,8,16,1,erro 502 ao contratar emprestimo,0
895,conta,telefone,SC,5,18,0,erro 502 ao contratar emprestimo,0
896,cartao,app,PE,7,27,0,transferencia nao executada no horario,0
897,emprestimo,app,PE,9,29,0,cartao bloqueado sem motivo,1
898,cartao,telefone,DF,8,15,1,erro 502 ao contratar emprestimo,0
899,cartao,agencia,DF,4,35,0,falha para gerar comprovante,0
900,cartao,chat,CE,5,40,1,atendimento demorado no telefone,0
901,conta,telefone,SP,5,23,0,falha para gerar comprovante,0
902,cartao,agencia,MG,6,32,0,falha para gerar comprovante,0
903,emprestimo,chat,SP,9,48,1,cobranca em duplicidade,0
904,emprestimo,chat,RJ,6,27,1,app travando na tela de pagamento,0
905,emprestimo,app,SP,7,27,0,app travando na tela de pagamento,0
906,conta,app,DF,1,23,1,aplicativo fecha sozinho,0
907,app,telefone,DF,5,17,0,atendimento demorado no telefone,0
908,emprestimo,email,PE,5,34,0,cobranca em duplicidade,0
909,conta,email,PE,4,25,0,limite reduzido sem aviso,0
910,app,agencia,CE,4,45,0,transferencia nao executada no horario,0
911,conta,telefone,MG,5,16,0,cobranca em duplicidade,1
912,conta,agencia,BA,8,20,0,limite reduzido sem aviso,0
913,cartao,chat,PR,4,28,0,app travando na tela de pagamento,0
914,cartao,email,SC,4,20,0,app travando na tela de pagamento,0
915,conta,telefone,MG,4,27,0,fatura com tarifa nao informada,0
916,cartao,app,RJ,8,2,0,falha para gerar comprovante,0
917,app,telefone,PR,6,26,0,limite reduzido sem aviso,0
918,emprestimo,app,SP,7,33,0,falha para gerar comprovante,0
919,emprestimo,telefone,SP,2,31,0,falha para gerar comprovante,0
920,app,app,BA,3,21,0,erro 502 ao contratar emprestimo,0
921,emprestimo,telefone,BA,6,36,0,atendimento demorado no telefone,0
922,conta,app,DF,8,12,1,falha para gerar comprovante,1
923,emprestimo,email,SP,6,23,0,app travando na tela de pagamento,0
924,cartao,app,RJ,4,4,0,falha para gerar comprovante,0
925,emprestimo,telefone,RS,4,45,0,erro 502 ao contratar emprestimo,0
926,cartao,telefone,RS,8,31,0,fatura com tarifa nao informada,0
927,emprestimo,app,DF,5,12,0,aplicativo fecha sozinho,0
928,emprestimo,chat,DF,7,20,0,aplicativo fecha sozinho,0
929,conta,chat,SP,3,13,0,cobranca em duplicidade,1
930,conta,agencia,PE,4,24,0,transferencia nao executada no horario,0
931,cartao,email,DF,4,12,0,atendimento demorado no telefone,0
932,cartao,agencia,DF,4,33,0,cobranca em duplicidade,1
933,emprestimo,telefone,MG,4,18,1,fatura com tarifa nao informada,1
934,conta,agencia,RS,4,17,0,transferencia nao executada no horario,0
935,cartao,agencia,SC,6,5,1,cartao bloqueado sem motivo,0
936,conta,app,DF,8,33,0,limite reduzido sem aviso,0
937,app,telefone,PE,7,22,0,falha para gerar comprovante,0
938,emprestimo,app,MG,5,15,0,aplicativo fecha sozinho,0
939,emprestimo,email,BA,3,13,0,atendimento demorado no telefone,0
940,emprestimo,chat,MG,6,31,0,aplicativo fecha sozinho,0
941,conta,telefone,CE,7,28,0,limite reduzido sem aviso,0
942,app,app,PE,4,21,0,cobranca em duplicidade,0
943,cartao,app,MG,3,43,1,aplicativo fecha sozinho,0
944,emprestimo,email,RS,7,40,1,cobranca em duplicidade,0
945,emprestimo,chat,SP,5,5,1,fatura com tarifa nao informada,0
946,emprestimo,agencia,CE,5,13,1,aplicativo fecha sozinho,1
947,emprestimo,email,MG,3,17,0,falha para gerar comprovante,1
948,conta,app,SC,4,24,0,limite reduzido sem aviso,0
949,conta,email,BA,6,21,0,transferencia nao executada no horario,0
950,app,app,PR,8,31,0,falha para gerar comprovante,0
951,cartao,agencia,SP,6,26,0,atendimento demorado no telefone,1
952,cartao,app,DF,8,33,1,falha para gerar comprovante,0
953,conta,agencia,BA,6,54,1,cartao bloqueado sem motivo,0
954,conta,telefone,SP,8,28,0,cobranca em duplicidade,0
955,app,chat,SC,9,1,0,fatura com tarifa nao informada,0
956,app,email,RJ,1,29,0,limite reduzido sem aviso,1
957,emprestimo,agencia,SC,2,32,0,aplicativo fecha sozinho,0
958,cartao,chat,RJ,4,4,0,limite reduzido sem aviso,0
959,app,email,DF,7,17,1,fatura com tarifa nao informada,1
960,app,agencia,RJ,6,28,0,atendimento demorado no telefone,0
961,app,chat,PE,5,27,0,atendimento demorado no telefone,0
962,app,agencia,PE,6,24,0,limite reduzido sem aviso,1
963,emprestimo,agencia,RS,6,26,0,cartao bloqueado sem motivo,1
964,conta,telefone,BA,4,12,0,fatura com tarifa nao informada,0
965,conta,telefone,PR,4,45,0,app travando na tela de pagamento,0
966,conta,agencia,CE,10,26,0,transferencia nao executada no horario,1
967,app,email,CE,8,31,0,aplicativo fecha sozinho,0
968,emprestimo,telefone,SC,6,26,0,aplicativo fecha sozinho,0
969,emprestimo,app,DF,10,5,1,cartao bloqueado sem motivo,1
970,conta,app,SC,6,25,0,limite reduzido sem aviso,0
971,conta,agencia,RS,6,3,0,cobranca em duplicidade,0
972,conta,email,PR,6,40,0,cartao bloqueado sem motivo,0
973,emprestimo,app,PR,7,2,0,app travando na tela de pagamento,0
974,cartao,agencia,DF,7,30,0,transferencia nao executada no horario,0
975,conta,chat,BA,5,28,0,cobranca em duplicidade,1
976,cartao,email,CE,6,13,1,aplicativo fecha sozinho,0
977,conta,app,RJ,7,16,0,limite reduzido sem aviso,1
978,emprestimo,app,PE,9,22,0,cartao bloqueado sem motivo,0
979,emprestimo,telefone,PE,8,54,0,app travando na tela de pagamento,0
980,emprestimo,telefone,RS,4,20,0,aplicativo fecha sozinho,0
981,emprestimo,chat,PE,9,30,0,cobranca em duplicidade,1
982,emprestimo,email,PE,6,18,0,limite reduzido sem aviso,0
983,app,telefone,RS,5,26,0,transferencia nao executada no horario,0
984,emprestimo,agencia,DF,7,37,1,limite reduzido sem aviso,0
985,app,app,PR,4,11,0,transferencia nao executada no horario,0
986,app,telefone,MG,7,19,0,fatura com tarifa nao informada,0
987,app,chat,SP,5,8,1,cobranca em duplicidade,1
988,app,chat,RJ,7,54,0,erro 502 ao contratar emprestimo,0
989,conta,agencia,SC,6,14,0,cartao bloqueado sem motivo,0
990,cartao,email,SC,5,6,1,transferencia nao executada no horario,0
991,app,chat,RJ,8,32,0,aplicativo fecha sozinho,0
992,emprestimo,app,PR,8,36,1,erro 502 ao contratar emprestimo,0
993,emprestimo,email,PR,7,23,0,falha para gerar comprovante,0
994,cartao,email,BA,3,29,1,limite reduzido sem aviso,0
995,emprestimo,agencia,DF,6,48,0,limite reduzido sem aviso,0
996,app,app,RJ,3,37,1,atendimento demorado no telefone,0
997,emprestimo,agencia,PE,8,19,1,falha para gerar comprovante,0
998,cartao,email,RJ,6,47,0,limite reduzido sem aviso,0
999,conta,telefone,SP,9,38,0,fatura com tarifa nao informada,0
1000,cartao,telefone,PE,6,29,1,transferencia nao executada no horario,0
